[{"model": "contenttypes.contenttype", "pk": 1, "fields": {"app_label": "admin", "model": "logentry"}}, {"model": "contenttypes.contenttype", "pk": 2, "fields": {"app_label": "auth", "model": "user"}}, {"model": "contenttypes.contenttype", "pk": 3, "fields": {"app_label": "auth", "model": "permission"}}, {"model": "contenttypes.contenttype", "pk": 4, "fields": {"app_label": "auth", "model": "group"}}, {"model": "contenttypes.contenttype", "pk": 5, "fields": {"app_label": "contenttypes", "model": "contenttype"}}, {"model": "contenttypes.contenttype", "pk": 6, "fields": {"app_label": "sessions", "model": "session"}}, {"model": "contenttypes.contenttype", "pk": 7, "fields": {"app_label": "api", "model": "order"}}, {"model": "contenttypes.contenttype", "pk": 8, "fields": {"app_label": "api", "model": "menuitem"}}, {"model": "contenttypes.contenttype", "pk": 9, "fields": {"app_label": "api", "model": "orderitem"}}, {"model": "contenttypes.contenttype", "pk": 10, "fields": {"app_label": "api", "model": "orderconfirmcode"}}, {"model": "contenttypes.contenttype", "pk": 11, "fields": {"app_label": "api", "model": "merchantlocation"}}, {"model": "contenttypes.contenttype", "pk": 12, "fields": {"app_label": "api", "model": "merchant"}}, {"model": "contenttypes.contenttype", "pk": 13, "fields": {"app_label": "guardian", "model": "groupobjectpermission"}}, {"model": "contenttypes.contenttype", "pk": 14, "fields": {"app_label": "guardian", "model": "userobjectpermission"}}, {"model": "contenttypes.contenttype", "pk": 15, "fields": {"app_label": "smu_sso", "model": "ssouser"}}, {"model": "sessions.session", "pk": "3ftdrewanli1nq2gaxvpwwt0cw6jcj7y", "fields": {"session_data": "YmNlM2NlNjg4OTU0Yzc3YzM0NWJkNDgzNWQzMWM4MGE3ZjcxNWZiZDp7Il9hdXRoX3VzZXJfaWQiOiI5IiwiX2F1dGhfdXNlcl9iYWNrZW5kIjoiZGphbmdvLmNvbnRyaWIuYXV0aC5iYWNrZW5kcy5Nb2RlbEJhY2tlbmQiLCJfYXV0aF91c2VyX2hhc2giOiIzOWIyMGQ0NTZiYzFlODY4ODA4MWJmMGNjY2YzYzEzMzY3YTNmY2RiIn0=", "expire_date": "2017-03-11T08:16:06.032Z"}}, {"model": "sessions.session", "pk": "dzym5cw8r7as029di9i76m6auainq2vz", "fields": {"session_data": "YmNlM2NlNjg4OTU0Yzc3YzM0NWJkNDgzNWQzMWM4MGE3ZjcxNWZiZDp7Il9hdXRoX3VzZXJfaWQiOiI5IiwiX2F1dGhfdXNlcl9iYWNrZW5kIjoiZGphbmdvLmNvbnRyaWIuYXV0aC5iYWNrZW5kcy5Nb2RlbEJhY2tlbmQiLCJfYXV0aF91c2VyX2hhc2giOiIzOWIyMGQ0NTZiYzFlODY4ODA4MWJmMGNjY2YzYzEzMzY3YTNmY2RiIn0=", "expire_date": "2017-03-11T08:14:08.416Z"}}, {"model": "sessions.session", "pk": "jqr3slffq5yovnpdx8vmw3b2bc6fnxjp", "fields": {"session_data": "YzZhZTRjYThkMDhkYzAxNjBmOTc3NzA3NWFlMjhkMWNlYTdkOWRjODp7Il9hdXRoX3VzZXJfaWQiOiI4IiwiX2F1dGhfdXNlcl9iYWNrZW5kIjoiZGphbmdvLmNvbnRyaWIuYXV0aC5iYWNrZW5kcy5Nb2RlbEJhY2tlbmQiLCJfYXV0aF91c2VyX2hhc2giOiIyZmFjODhiNGJmYmNiOTk5MjgxNmJjZWM1NGZmZjM4MDA0ODRlNWExIn0=", "expire_date": "2017-03-11T08:13:15.067Z"}}, {"model": "sessions.session", "pk": "tudl19ukk0skawnrdu1j7eqzs7aw1xkt", "fields": {"session_data": "YjUyNjQ4YjQ0NjE3ZWQ1YTI1Y2VjOGFmMzM0NWVjMDQ4OTBkMGVkYzp7Il9hdXRoX3VzZXJfaWQiOiIxMCIsIl9hdXRoX3VzZXJfYmFja2VuZCI6ImRqYW5nby5jb250cmliLmF1dGguYmFja2VuZHMuTW9kZWxCYWNrZW5kIiwiX2F1dGhfdXNlcl9oYXNoIjoiY2M4MmJjYWZkMGRhYzdlYzk3ZWE1NTAwN2JjODVjZGU1NmZkYWY2YSJ9", "expire_date": "2017-03-11T08:16:56.970Z"}}, {"model": "sessions.session", "pk": "wy9ihfq2fldd5f6xtyt541jb6lit0gii", "fields": {"session_data": "ZGRlOGY0NDcyYzIyNmY2ZDVmMjM4ZGU2YzE0YTMxN2UzZDBiNmU1Mzp7Il9hdXRoX3VzZXJfaWQiOiI3IiwiX2F1dGhfdXNlcl9iYWNrZW5kIjoiZGphbmdvLmNvbnRyaWIuYXV0aC5iYWNrZW5kcy5Nb2RlbEJhY2tlbmQiLCJfYXV0aF91c2VyX2hhc2giOiIyZmFjODhiNGJmYmNiOTk5MjgxNmJjZWM1NGZmZjM4MDA0ODRlNWExIn0=", "expire_date": "2017-03-11T08:08:43.787Z"}}, {"model": "sessions.session", "pk": "xd521nq9q0dq0wsfeq2lqk633jma8mqk", "fields": {"session_data": "ODNiMDJkZjAyNzA3NzI3ZGI4ZTRiZGQ3OGNlNjcwYTFiMjE5ZWJkODp7Il9hdXRoX3VzZXJfaWQiOiIyIiwiX2F1dGhfdXNlcl9iYWNrZW5kIjoiZGphbmdvLmNvbnRyaWIuYXV0aC5iYWNrZW5kcy5Nb2RlbEJhY2tlbmQiLCJfYXV0aF91c2VyX2hhc2giOiIxZmI0MzMzOWY2OTU0M2Q0NzJiODNjNjEwOTdjMDc0ZGYzOWYzNDJjIn0=", "expire_date": "2017-03-09T03:03:51.677Z"}}, {"model": "sessions.session", "pk": "xwg85sgk5c63a08icl8epjfzvjkfteae", "fields": {"session_data": "MzBiYzM3NGI1ZDQ5ZjQxNmEzZWNhZGIyOTJkZmY0ZWQ1YjUwMGUyNzp7Il9hdXRoX3VzZXJfaWQiOiIxMiIsIl9hdXRoX3VzZXJfYmFja2VuZCI6ImRqYW5nby5jb250cmliLmF1dGguYmFja2VuZHMuTW9kZWxCYWNrZW5kIiwiX2F1dGhfdXNlcl9oYXNoIjoiODhjZTBiODY5NTQ3MTU0NmJiMDNkZWJiNTgzZTVlMTZhMjZlODdhNyJ9", "expire_date": "2017-03-12T02:10:24.484Z"}}, {"model": "sessions.session", "pk": "yxc4un7wn43nsoqe5hnn0lhfw2bbj1z7", "fields": {"session_data": "YjUyNjQ4YjQ0NjE3ZWQ1YTI1Y2VjOGFmMzM0NWVjMDQ4OTBkMGVkYzp7Il9hdXRoX3VzZXJfaWQiOiIxMCIsIl9hdXRoX3VzZXJfYmFja2VuZCI6ImRqYW5nby5jb250cmliLmF1dGguYmFja2VuZHMuTW9kZWxCYWNrZW5kIiwiX2F1dGhfdXNlcl9oYXNoIjoiY2M4MmJjYWZkMGRhYzdlYzk3ZWE1NTAwN2JjODVjZGU1NmZkYWY2YSJ9", "expire_date": "2017-03-12T00:54:22.082Z"}}, {"model": "sessions.session", "pk": "zdgr4f4tx25muxr6rjn52popkmrrl5z3", "fields": {"session_data": "YzhjZjk4ZTAzODlmNWFhMThjOGVlMDkwYmM2ZjI3YzViNDc1YzllMjp7Il9hdXRoX3VzZXJfaWQiOiIxMSIsIl9hdXRoX3VzZXJfYmFja2VuZCI6ImRqYW5nby5jb250cmliLmF1dGguYmFja2VuZHMuTW9kZWxCYWNrZW5kIiwiX2F1dGhfdXNlcl9oYXNoIjoiMmQ5ZjNjNTVkMzkxMGEzOWI2MWJiM2YyYTk0YzYyMjA0ZGMwMGYzNCJ9", "expire_date": "2017-03-11T08:18:24.230Z"}}, {"model": "api.merchant", "pk": 1, "fields": {"name": "Ding Heng Kitchen", "image": "", "location": 1, "location_str": "Next to the petrol station"}}, {"model": "api.merchant", "pk": 2, "fields": {"name": "Jia Yuen Eating House", "image": "", "location": 1, "location_str": "Somewhere over the rainbow"}}, {"model": "api.merchant", "pk": 3, "fields": {"name": "Dessert stall", "image": "", "location": 1, "location_str": "#12-345"}}, {"model": "api.merchant", "pk": 4, "fields": {"name": "Famous nasi lemak", "image": "", "location": 2, "location_str": "#23-456"}}, {"model": "api.merchantlocation", "pk": 1, "fields": {"name": "Upper Changi", "image": ""}}, {"model": "api.merchantlocation", "pk": 2, "fields": {"name": "Changi Village", "image": ""}}, {"model": "api.menuitem", "pk": 1, "fields": {"name": "Nai you pai gu fan", "image": "", "price": "6.00", "merchant": 1}}, {"model": "api.menuitem", "pk": 2, "fields": {"name": "Xing zhou chao fan", "image": "", "price": "5.00", "merchant": 1}}, {"model": "api.menuitem", "pk": 3, "fields": {"name": "Otah", "image": "", "price": "1.00", "merchant": 1}}, {"model": "api.menuitem", "pk": 4, "fields": {"name": "Xing zhou mi fen", "image": "", "price": "3.50", "merchant": 1}}, {"model": "api.menuitem", "pk": 5, "fields": {"name": "Har cheong gai", "image": "", "price": "10.00", "merchant": 1}}, {"model": "api.menuitem", "pk": 6, "fields": {"name": "Xian dan nai you ji fan", "image": "", "price": "6.50", "merchant": 2}}, {"model": "api.menuitem", "pk": 7, "fields": {"name": "Niu rou chao fan", "image": "", "price": "7.00", "merchant": 2}}, {"model": "api.menuitem", "pk": 8, "fields": {"name": "Xing zhou mi fen", "image": "", "price": "5.00", "merchant": 2}}, {"model": "api.menuitem", "pk": 9, "fields": {"name": "Red tea longan", "image": "", "price": "2.00", "merchant": 3}}, {"model": "api.menuitem", "pk": 10, "fields": {"name": "Chendol", "image": "", "price": "1.50", "merchant": 3}}, {"model": "api.menuitem", "pk": 11, "fields": {"name": "Tau suan", "image": "", "price": "1.20", "merchant": 3}}, {"model": "api.menuitem", "pk": 12, "fields": {"name": "Nasi lemak ayam", "image": "", "price": "3.50", "merchant": 4}}, {"model": "api.menuitem", "pk": 13, "fields": {"name": "Nasi lemak ikan", "image": "", "price": "4.00", "merchant": 4}}, {"model": "api.menuitem", "pk": 14, "fields": {"name": "Nasi lemak special", "image": "", "price": "6.00", "merchant": 4}}, {"model": "api.menuitem", "pk": 15, "fields": {"name": "Nasi lemak sausage", "image": "", "price": "3.00", "merchant": 4}}, {"model": "api.orderitem", "pk": 1, "fields": {"order": 1, "menu_item": 1, "quantity": 3, "notes": ""}}, {"model": "api.orderitem", "pk": 2, "fields": {"order": 1, "menu_item": 3, "quantity": 3, "notes": ""}}, {"model": "api.orderitem", "pk": 3, "fields": {"order": 1, "menu_item": 5, "quantity": 1, "notes": ""}}, {"model": "api.orderitem", "pk": 4, "fields": {"order": 1, "menu_item": 4, "quantity": 2, "notes": ""}}, {"model": "api.orderitem", "pk": 5, "fields": {"order": 2, "menu_item": 9, "quantity": 2, "notes": ""}}, {"model": "api.orderitem", "pk": 6, "fields": {"order": 2, "menu_item": 11, "quantity": 3, "notes": ""}}, {"model": "api.orderitem", "pk": 7, "fields": {"order": 2, "menu_item": 13, "quantity": 1, "notes": ""}}, {"model": "api.orderitem", "pk": 8, "fields": {"order": 2, "menu_item": 12, "quantity": 2, "notes": ""}}, {"model": "api.orderitem", "pk": 9, "fields": {"order": 2, "menu_item": 14, "quantity": 1, "notes": ""}}, {"model": "api.orderconfirmcode", "pk": "9174649d-9940-44ff-8d37-04d31a6b7cfa", "fields": {"order": 1, "time_created": "2017-02-23T03:49:18.764Z", "expire_by": "2017-02-23T03:54:18.764Z"}}, {"model": "auth.permission", "pk": 1, "fields": {"name": "Can add log entry", "content_type": 1, "codename": "add_logentry"}}, {"model": "auth.permission", "pk": 2, "fields": {"name": "Can change log entry", "content_type": 1, "codename": "change_logentry"}}, {"model": "auth.permission", "pk": 3, "fields": {"name": "Can delete log entry", "content_type": 1, "codename": "delete_logentry"}}, {"model": "auth.permission", "pk": 4, "fields": {"name": "Can add user", "content_type": 2, "codename": "add_user"}}, {"model": "auth.permission", "pk": 5, "fields": {"name": "Can change user", "content_type": 2, "codename": "change_user"}}, {"model": "auth.permission", "pk": 6, "fields": {"name": "Can delete user", "content_type": 2, "codename": "delete_user"}}, {"model": "auth.permission", "pk": 7, "fields": {"name": "Can add permission", "content_type": 3, "codename": "add_permission"}}, {"model": "auth.permission", "pk": 8, "fields": {"name": "Can change permission", "content_type": 3, "codename": "change_permission"}}, {"model": "auth.permission", "pk": 9, "fields": {"name": "Can delete permission", "content_type": 3, "codename": "delete_permission"}}, {"model": "auth.permission", "pk": 10, "fields": {"name": "Can add group", "content_type": 4, "codename": "add_group"}}, {"model": "auth.permission", "pk": 11, "fields": {"name": "Can change group", "content_type": 4, "codename": "change_group"}}, {"model": "auth.permission", "pk": 12, "fields": {"name": "Can delete group", "content_type": 4, "codename": "delete_group"}}, {"model": "auth.permission", "pk": 13, "fields": {"name": "Can add content type", "content_type": 5, "codename": "add_contenttype"}}, {"model": "auth.permission", "pk": 14, "fields": {"name": "Can change content type", "content_type": 5, "codename": "change_contenttype"}}, {"model": "auth.permission", "pk": 15, "fields": {"name": "Can delete content type", "content_type": 5, "codename": "delete_contenttype"}}, {"model": "auth.permission", "pk": 16, "fields": {"name": "Can add session", "content_type": 6, "codename": "add_session"}}, {"model": "auth.permission", "pk": 17, "fields": {"name": "Can change session", "content_type": 6, "codename": "change_session"}}, {"model": "auth.permission", "pk": 18, "fields": {"name": "Can delete session", "content_type": 6, "codename": "delete_session"}}, {"model": "auth.permission", "pk": 19, "fields": {"name": "Can add order", "content_type": 7, "codename": "add_order"}}, {"model": "auth.permission", "pk": 20, "fields": {"name": "Can change order", "content_type": 7, "codename": "change_order"}}, {"model": "auth.permission", "pk": 21, "fields": {"name": "Can delete order", "content_type": 7, "codename": "delete_order"}}, {"model": "auth.permission", "pk": 22, "fields": {"name": "Can add menu item", "content_type": 8, "codename": "add_menuitem"}}, {"model": "auth.permission", "pk": 23, "fields": {"name": "Can change menu item", "content_type": 8, "codename": "change_menuitem"}}, {"model": "auth.permission", "pk": 24, "fields": {"name": "Can delete menu item", "content_type": 8, "codename": "delete_menuitem"}}, {"model": "auth.permission", "pk": 25, "fields": {"name": "Can add order item", "content_type": 9, "codename": "add_orderitem"}}, {"model": "auth.permission", "pk": 26, "fields": {"name": "Can change order item", "content_type": 9, "codename": "change_orderitem"}}, {"model": "auth.permission", "pk": 27, "fields": {"name": "Can delete order item", "content_type": 9, "codename": "delete_orderitem"}}, {"model": "auth.permission", "pk": 28, "fields": {"name": "Can add order confirm code", "content_type": 10, "codename": "add_orderconfirmcode"}}, {"model": "auth.permission", "pk": 29, "fields": {"name": "Can change order confirm code", "content_type": 10, "codename": "change_orderconfirmcode"}}, {"model": "auth.permission", "pk": 30, "fields": {"name": "Can delete order confirm code", "content_type": 10, "codename": "delete_orderconfirmcode"}}, {"model": "auth.permission", "pk": 31, "fields": {"name": "Can add merchant location", "content_type": 11, "codename": "add_merchantlocation"}}, {"model": "auth.permission", "pk": 32, "fields": {"name": "Can change merchant location", "content_type": 11, "codename": "change_merchantlocation"}}, {"model": "auth.permission", "pk": 33, "fields": {"name": "Can delete merchant location", "content_type": 11, "codename": "delete_merchantlocation"}}, {"model": "auth.permission", "pk": 34, "fields": {"name": "Can add merchant", "content_type": 12, "codename": "add_merchant"}}, {"model": "auth.permission", "pk": 35, "fields": {"name": "Can change merchant", "content_type": 12, "codename": "change_merchant"}}, {"model": "auth.permission", "pk": 36, "fields": {"name": "Can delete merchant", "content_type": 12, "codename": "delete_merchant"}}, {"model": "auth.permission", "pk": 37, "fields": {"name": "Can add group object permission", "content_type": 13, "codename": "add_groupobjectpermission"}}, {"model": "auth.permission", "pk": 38, "fields": {"name": "Can change group object permission", "content_type": 13, "codename": "change_groupobjectpermission"}}, {"model": "auth.permission", "pk": 39, "fields": {"name": "Can delete group object permission", "content_type": 13, "codename": "delete_groupobjectpermission"}}, {"model": "auth.permission", "pk": 40, "fields": {"name": "Can add user object permission", "content_type": 14, "codename": "add_userobjectpermission"}}, {"model": "auth.permission", "pk": 41, "fields": {"name": "Can change user object permission", "content_type": 14, "codename": "change_userobjectpermission"}}, {"model": "auth.permission", "pk": 42, "fields": {"name": "Can delete user object permission", "content_type": 14, "codename": "delete_userobjectpermission"}}, {"model": "auth.permission", "pk": 43, "fields": {"name": "Can add sso user", "content_type": 15, "codename": "add_ssouser"}}, {"model": "auth.permission", "pk": 44, "fields": {"name": "Can change sso user", "content_type": 15, "codename": "change_ssouser"}}, {"model": "auth.permission", "pk": 45, "fields": {"name": "Can delete sso user", "content_type": 15, "codename": "delete_ssouser"}}, {"model": "auth.user", "pk": 1, "fields": {"password": "!i16I7M9jsrpReBDSZu1PNfjKbwVXjPOlEbxStpgL", "last_login": null, "is_superuser": false, "username": "AnonymousUser", "first_name": "", "last_name": "", "email": "", "is_staff": false, "is_active": true, "date_joined": "2017-02-23T03:01:24.056Z", "groups": [], "user_permissions": []}}, {"model": "auth.user", "pk": 2, "fields": {"password": "pbkdf2_sha256$30000$ojP1Iqcm9MKi$KblvsJAPOfMtDdCCOzBmPkHA6fZyIEVkNwmagF3M5gM=", "last_login": "2017-02-23T03:03:51Z", "is_superuser": true, "username": "nikos", "first_name": "", "last_name": "", "email": "Password1!@nikos.com", "is_staff": true, "is_active": true, "date_joined": "2017-02-23T03:01:47Z", "groups": [], "user_permissions": []}}, {"model": "auth.user", "pk": 3, "fields": {"password": "pbkdf2_sha256$30000$9ORRPyEvXdRh$DFgmkZrGaLa9WkY8G/jfiwLU3pUIs2vS5YEzJAKxduo=", "last_login": null, "is_superuser": false, "username": "mazda", "first_name": "", "last_name": "", "email": "guardhouse@mazda.com", "is_staff": false, "is_active": true, "date_joined": "2017-02-23T03:12:02Z", "groups": [], "user_permissions": []}}, {"model": "auth.user", "pk": 4, "fields": {"password": "pbkdf2_sha256$30000$mlIB6tzhp0V8$ByrcL/FrKMFVstb310GJWsnmu/o3fHTCC0TGCWRLdLY=", "last_login": null, "is_superuser": false, "username": "kenneth", "first_name": "", "last_name": "", "email": "takeahike@kenneth.com", "is_staff": false, "is_active": true, "date_joined": "2017-02-23T03:12:29Z", "groups": [], "user_permissions": []}}, {"model": "auth.user", "pk": 5, "fields": {"password": "pbkdf2_sha256$30000$AdDZyXyN5gDu$3IAzczCpd0uHWdku55qZCJPobb9Hqbo3y5yHmS9fpx8=", "last_login": null, "is_superuser": false, "username": "dingheng", "first_name": "", "last_name": "", "email": "delivery@dingheng.com", "is_staff": false, "is_active": true, "date_joined": "2017-02-23T03:13:51Z", "groups": [], "user_permissions": []}}, {"model": "auth.user", "pk": 6, "fields": {"password": "pbkdf2_sha256$30000$2y5T4HXxNiYF$a07OzW5uunSH+UOYdyLO1mXtbVDUMvixoxBO6iv6P7o=", "last_login": null, "is_superuser": false, "username": "wagon", "first_name": "", "last_name": "", "email": "cctvslack@wagon.com", "is_staff": false, "is_active": true, "date_joined": "2017-02-23T07:00:57Z", "groups": [], "user_permissions": []}}, {"model": "auth.user", "pk": 10, "fields": {"password": "pbkdf2_sha256$30000$Qoq1UnK4WDkK$MheZdab8nD99XWFGNwPzx3et9/PZsAEuucjDGtC1+4s=", "last_login": "2017-02-26T03:21:24.677Z", "is_superuser": true, "username": "ttwj", "first_name": "", "last_name": "", "email": "", "is_staff": true, "is_active": true, "date_joined": "2017-02-25T08:16:38.779Z", "groups": [], "user_permissions": []}}, {"model": "auth.user", "pk": 11, "fields": {"password": "853347f9a061339e7f91264f076f50ee", "last_login": "2017-02-25T08:18:24.222Z", "is_superuser": false, "username": "zs9728753hv", "first_name": "122", "last_name": "", "email": "", "is_staff": false, "is_active": true, "date_joined": "2017-02-25T08:18:24.209Z", "groups": [], "user_permissions": []}}, {"model": "auth.user", "pk": 12, "fields": {"password": "0ccf0b495e2207982877a3993105c23c", "last_login": "2017-02-26T02:10:24.477Z", "is_superuser": false, "username": "S9529305J", "first_name": "Jarren Koh Wei Shen", "last_name": "", "email": "", "is_staff": false, "is_active": true, "date_joined": "2017-02-26T02:10:24.466Z", "groups": [], "user_permissions": []}}, {"model": "api.order", "pk": 1, "fields": {"orderer": 3, "fulfiller": 4, "location": "", "time_placed": "2017-02-23T03:15:24Z", "timeout_by": "2017-02-23T06:16:30.112Z", "time_committed": "2017-02-23T05:22:16.133Z", "time_fulfilled": null, "is_paid": false}}, {"model": "api.order", "pk": 2, "fields": {"orderer": 6, "fulfiller": null, "location": "Golf 3", "time_placed": "2017-02-23T06:57:03Z", "timeout_by": "2017-02-23T09:58:00Z", "time_committed": null, "time_fulfilled": null, "is_paid": false}}, {"model": "smu_sso.ssouser", "pk": 4, "fields": {"user": 11, "account_holder_name": "122", "bank_account_no": "1234", "contact_number": "1234", "nric": "zs9728753hv"}}, {"model": "smu_sso.ssouser", "pk": 5, "fields": {"user": 12, "account_holder_name": "Jarren Koh Wei Shen", "bank_account_no": "0549040387", "contact_number": "91774954", "nric": "S9529305J"}}, {"model": "admin.logentry", "pk": 1, "fields": {"action_time": "2017-02-23T03:04:32.310Z", "user": 2, "content_type": 8, "object_id": "1", "object_repr": "Ding Heng Kitchen", "action_flag": 1, "change_message": "[{\"added\": {}}]"}}, {"model": "admin.logentry", "pk": 2, "fields": {"action_time": "2017-02-23T03:09:53.390Z", "user": 2, "content_type": 8, "object_id": "1", "object_repr": "Ding Heng Kitchen", "action_flag": 2, "change_message": "[{\"added\": {\"name\": \"menu item\", \"object\": \"Nai you pai gu fan ($6) from Ding Heng Kitchen\"}}, {\"added\": {\"name\": \"menu item\", \"object\": \"Xing zhou chao fan ($5) from Ding Heng Kitchen\"}}, {\"added\": {\"name\": \"menu item\", \"object\": \"Otah ($1) from Ding Heng Kitchen\"}}, {\"added\": {\"name\": \"menu item\", \"object\": \"Xing zhou mi fen ($3.5) from Ding Heng Kitchen\"}}, {\"added\": {\"name\": \"menu item\", \"object\": \"Har cheong gai ($10) from Ding Heng Kitchen\"}}]"}}, {"model": "admin.logentry", "pk": 3, "fields": {"action_time": "2017-02-23T03:12:02.782Z", "user": 2, "content_type": 3, "object_id": "3", "object_repr": "mazda", "action_flag": 1, "change_message": "[{\"added\": {}}]"}}, {"model": "admin.logentry", "pk": 4, "fields": {"action_time": "2017-02-23T03:12:12.693Z", "user": 2, "content_type": 3, "object_id": "3", "object_repr": "mazda", "action_flag": 2, "change_message": "[{\"changed\": {\"fields\": [\"email\"]}}]"}}, {"model": "admin.logentry", "pk": 5, "fields": {"action_time": "2017-02-23T03:12:29.404Z", "user": 2, "content_type": 3, "object_id": "4", "object_repr": "kenneth", "action_flag": 1, "change_message": "[{\"added\": {}}]"}}, {"model": "admin.logentry", "pk": 6, "fields": {"action_time": "2017-02-23T03:12:40.162Z", "user": 2, "content_type": 3, "object_id": "4", "object_repr": "kenneth", "action_flag": 2, "change_message": "[{\"changed\": {\"fields\": [\"email\"]}}]"}}, {"model": "admin.logentry", "pk": 7, "fields": {"action_time": "2017-02-23T03:13:51.440Z", "user": 2, "content_type": 3, "object_id": "5", "object_repr": "dingheng", "action_flag": 1, "change_message": "[{\"added\": {}}]"}}, {"model": "admin.logentry", "pk": 8, "fields": {"action_time": "2017-02-23T03:14:51.547Z", "user": 2, "content_type": 3, "object_id": "5", "object_repr": "dingheng", "action_flag": 2, "change_message": "[{\"changed\": {\"fields\": [\"email\"]}}]"}}, {"model": "admin.logentry", "pk": 9, "fields": {"action_time": "2017-02-23T03:16:40.713Z", "user": 2, "content_type": 9, "object_id": "1", "object_repr": "Order object", "action_flag": 1, "change_message": "[{\"added\": {}}, {\"added\": {\"name\": \"order item\", \"object\": \"OrderItem object\"}}, {\"added\": {\"name\": \"order item\", \"object\": \"OrderItem object\"}}, {\"added\": {\"name\": \"order item\", \"object\": \"OrderItem object\"}}, {\"added\": {\"name\": \"order item\", \"object\": \"OrderItem object\"}}]"}}, {"model": "admin.logentry", "pk": 10, "fields": {"action_time": "2017-02-23T06:48:18.356Z", "user": 2, "content_type": 14, "object_id": "1", "object_repr": "MerchantLocation object", "action_flag": 1, "change_message": "[{\"added\": {}}]"}}, {"model": "admin.logentry", "pk": 11, "fields": {"action_time": "2017-02-23T06:49:07.739Z", "user": 2, "content_type": 8, "object_id": "1", "object_repr": "Ding Heng Kitchen", "action_flag": 2, "change_message": "[{\"changed\": {\"fields\": [\"location\", \"location_str\"]}}]"}}, {"model": "admin.logentry", "pk": 12, "fields": {"action_time": "2017-02-23T06:56:43.080Z", "user": 2, "content_type": 8, "object_id": "2", "object_repr": "Jia Yuen Eating House", "action_flag": 1, "change_message": "[{\"added\": {}}, {\"added\": {\"object\": \"Xian dan nai you ji fan ($6.50) from Jia Yuen Eating House\", \"name\": \"menu item\"}}, {\"added\": {\"object\": \"Niu rou chao fan ($7) from Jia Yuen Eating House\", \"name\": \"menu item\"}}, {\"added\": {\"object\": \"Xing zhou mi fen ($5) from Jia Yuen Eating House\", \"name\": \"menu item\"}}]"}}, {"model": "admin.logentry", "pk": 13, "fields": {"action_time": "2017-02-23T06:58:47.315Z", "user": 2, "content_type": 9, "object_id": "2", "object_repr": "Order opened by nikos on 2017-02-23 06:57:03+00:00, stage: Stage.PLACED", "action_flag": 1, "change_message": "[{\"added\": {}}, {\"added\": {\"object\": \"OrderItem object\", \"name\": \"order item\"}}, {\"added\": {\"object\": \"OrderItem object\", \"name\": \"order item\"}}]"}}, {"model": "admin.logentry", "pk": 14, "fields": {"action_time": "2017-02-23T06:59:55.914Z", "user": 2, "content_type": 3, "object_id": "2", "object_repr": "nikos", "action_flag": 2, "change_message": "[{\"changed\": {\"fields\": [\"email\"]}}]"}}, {"model": "admin.logentry", "pk": 15, "fields": {"action_time": "2017-02-23T07:00:58.025Z", "user": 2, "content_type": 3, "object_id": "6", "object_repr": "wagon", "action_flag": 1, "change_message": "[{\"added\": {}}]"}}, {"model": "admin.logentry", "pk": 16, "fields": {"action_time": "2017-02-23T07:01:11.260Z", "user": 2, "content_type": 3, "object_id": "6", "object_repr": "wagon", "action_flag": 2, "change_message": "[{\"changed\": {\"fields\": [\"email\"]}}]"}}, {"model": "admin.logentry", "pk": 17, "fields": {"action_time": "2017-02-23T07:01:42.062Z", "user": 2, "content_type": 9, "object_id": "2", "object_repr": "Order opened by wagon on 2017-02-23 06:57:03+00:00, stage: Stage.PLACED", "action_flag": 2, "change_message": "[{\"changed\": {\"fields\": [\"orderer\", \"location\"]}}]"}}, {"model": "admin.logentry", "pk": 18, "fields": {"action_time": "2017-02-23T07:02:04.431Z", "user": 2, "content_type": 14, "object_id": "2", "object_repr": "Changi Village", "action_flag": 1, "change_message": "[{\"added\": {}}]"}}, {"model": "admin.logentry", "pk": 19, "fields": {"action_time": "2017-02-23T07:03:15.550Z", "user": 2, "content_type": 8, "object_id": "3", "object_repr": "Dessert stall", "action_flag": 1, "change_message": "[{\"added\": {}}, {\"added\": {\"object\": \"Red tea longan ($2) from Dessert stall\", \"name\": \"menu item\"}}, {\"added\": {\"object\": \"Chendol ($1.5) from Dessert stall\", \"name\": \"menu item\"}}, {\"added\": {\"object\": \"Tau suan ($1.2) from Dessert stall\", \"name\": \"menu item\"}}]"}}, {"model": "admin.logentry", "pk": 20, "fields": {"action_time": "2017-02-23T07:04:55.382Z", "user": 2, "content_type": 8, "object_id": "4", "object_repr": "Famous nasi lemak", "action_flag": 1, "change_message": "[{\"added\": {}}, {\"added\": {\"object\": \"Nasi lemak ayam ($3.5) from Famous nasi lemak\", \"name\": \"menu item\"}}, {\"added\": {\"object\": \"Nasi lemak ikan ($4) from Famous nasi lemak\", \"name\": \"menu item\"}}, {\"added\": {\"object\": \"Nasi lemak special ($6) from Famous nasi lemak\", \"name\": \"menu item\"}}, {\"added\": {\"object\": \"Nasi lemak sausage ($3) from Famous nasi lemak\", \"name\": \"menu item\"}}]"}}, {"model": "admin.logentry", "pk": 21, "fields": {"action_time": "2017-02-23T07:05:45.406Z", "user": 2, "content_type": 9, "object_id": "2", "object_repr": "Order opened by wagon on 2017-02-23 06:57:03+00:00, stage: Stage.PLACED", "action_flag": 2, "change_message": "[{\"added\": {\"object\": \"OrderItem object\", \"name\": \"order item\"}}, {\"added\": {\"object\": \"OrderItem object\", \"name\": \"order item\"}}, {\"added\": {\"object\": \"OrderItem object\", \"name\": \"order item\"}}, {\"changed\": {\"object\": \"OrderItem object\", \"name\": \"order item\", \"fields\": [\"menu_item\"]}}, {\"changed\": {\"object\": \"OrderItem object\", \"name\": \"order item\", \"fields\": [\"menu_item\", \"quantity\"]}}]"}}, {"model": "admin.logentry", "pk": 22, "fields": {"action_time": "2017-02-25T08:17:33.118Z", "user": 10, "content_type": 2, "object_id": "7", "object_repr": "s9728753h", "action_flag": 3, "change_message": ""}}, {"model": "admin.logentry", "pk": 23, "fields": {"action_time": "2017-02-25T08:17:33.126Z", "user": 10, "content_type": 2, "object_id": "8", "object_repr": "zs9728753h", "action_flag": 3, "change_message": ""}}, {"model": "admin.logentry", "pk": 24, "fields": {"action_time": "2017-02-25T08:17:33.128Z", "user": 10, "content_type": 2, "object_id": "9", "object_repr": "zs9728753hv", "action_flag": 3, "change_message": ""}}, {"model": "admin.logentry", "pk": 25, "fields": {"action_time": "2017-02-26T00:56:14.527Z", "user": 10, "content_type": 12, "object_id": "4", "object_repr": "Famous nasi lemak", "action_flag": 2, "change_message": "[{\"changed\": {\"fields\": [\"location\"]}}]"}}]